hash,author,modules,lines_added,lines_deleted,total_churn,year
d3c0cc4447307a2ffbcff8274573b544294e583c,Michael Paquier,['src'],11,15,26,2022
1f0019de2fe374fa54fca277f36c2e754894db30,Thomas Munro,['src'],16,0,16,2022
eb706fde8302c32267518663032905556db21f57,David Rowley,['src'],11,7,18,2022
5e9b1220599946621984ec95f1cb80989f7c76d6,Peter Eisentraut,['src'],5,5,10,2022
71cb84ec69a38444c48bd8d3b5451b2da157848b,Michael Paquier,['src'],18,10,28,2022
fe12f2f8fa608156c2d3c027cdd6aa9af0788e3a,Tom Lane,['src'],14,2,16,2022
ab810062991295f63612a997e872232a6f1a3ef6,Daniel Gustafsson,['doc'],6,6,12,2022
385da7306c7fce210bd059ad97ebb3e19699e161,Peter Eisentraut,['doc'],9,8,17,2022
8c954168cff4630ae94df649b458f4a3aad6d9a7,Andres Freund,['src'],14,10,24,2022
fccaf259f22f4aedc02033516c561ca86903077d,Tom Lane,['src'],20,9,29,2022
e848be60b5cf9a883765ea8e98c411e7fef0c1c6,Amit Kapila,['src'],9,6,15,2022
45d5ecab49f6c0df607d3ca2ce1995229f416d1a,Peter Eisentraut,['src'],5,5,10,2022
36e545cd051ffe58064c1f38faeb64f4feef4aec,Amit Kapila,['src'],12,10,22,2022
4f981df8e0b7bc00d22ab0db65579589c9d4bb8c,Tom Lane,['src'],20,7,27,2022
b5621b66e778112c78d381414dff8917320f71d2,Peter Eisentraut,['src'],14,14,28,2022
d7744d50a5394db8d973d1cfa034ed6640aec13c,Michael Paquier,['src'],14,1,15,2022
0e758ae89a20f233bb1c20a0f52ac7c81b2ef1b8,Tom Lane,['src'],12,6,18,2022
dea83493800563d9f78b68bf9717988dd272c7c9,Tom Lane,['src'],15,5,20,2022
26ee7fb3684e5809d663f74847fb405f5a84d1af,Tom Lane,['src'],13,6,19,2022
f4857082bc16f36a5cdc6f8328cdc8071bb1715e,Tom Lane,['src'],18,4,22,2022
4517358ee78213cd2ca18270ab4d32cd69b0b19d,Thomas Munro,['src'],13,13,26,2022
f71007fbb3b83fba21daae9144cc07e205f2365c,Thomas Munro,['src'],14,3,17,2022
387803d81d6256fcb60b9192bb5b00042442b4e3,Thomas Munro,['src'],25,5,30,2022
359d601095ce2361bad50f9f8b0bcfe4da1eb886,Thomas Munro,['src'],10,1,11,2022
8328a15f8f95cad3fa99bbab551cade0a8403708,Alvaro Herrera,['src'],16,3,19,2022
14a737bfdbe4f2328d7f333b207f52f9ed4ee722,Michael Paquier,['src'],13,6,19,2022
39b8c293fcde1d845da4d7127a25d41df53faab5,David Rowley,['src'],8,7,15,2022
56b662523fd49f75abe89d5bad54d377b2f36c24,Michael Paquier,['src'],8,5,13,2022
a9d58bfe8a3ae2254e1553ab76974feeaafa0133,Peter Eisentraut,['src'],16,6,22,2022
83e42a0035718914efad2fe04080fd6c579e9ef2,Michael Paquier,"['doc', 'src']",8,8,16,2022
69298db8e1a5a7afcfeea32daf71e713a109ef93,Alvaro Herrera,['src'],12,10,22,2022
6af082723277eeca74f2da65e7759666bf7c7f9c,Robert Haas,['src'],13,11,24,2022
0222be137188ac3912d244d832a328be0944f3e9,Robert Haas,['src'],12,4,16,2022
4667d97ca624b257f690e8d369b242b380f53a09,Robert Haas,['src'],5,5,10,2022
163b0993a162ebae00fe5de8f593a5da28821a1b,Jeff Davis,['src'],19,11,30,2022
eccb607e19993483e25966abae895277599f77a2,Peter Geoghegan,['src'],5,5,10,2022
3d53b9ef1a4cda7b6303a0496f8531eceeef0e77,Alvaro Herrera,['src'],7,7,14,2022
55b4966365fa76bda275c409f3aefad43243f12c,David Rowley,['src'],16,13,29,2022
a23417790631e50f54bdcf5e40bf84e2dbd1c34b,Amit Kapila,"['doc', 'src']",10,10,20,2022
fdd8937c071e85e2b7606939fb28284f008e15d1,Michael Paquier,['src'],9,1,10,2022
1e08576691bf1a25c0e28745e5e800c44f2a1c76,Peter Eisentraut,['src'],7,3,10,2022
7beda87b6a4e5eae66f06df313581f7f53cab813,John Naylor,['src'],7,7,14,2022
b447d6075db8041b870ac526525f6873df222db4,Michael Paquier,['src'],6,4,10,2022
5dcebd10baa8ec14a97029ca0bacaf2a9a0f8652,Alvaro Herrera,['doc'],14,14,28,2022
8c848cd4b8e9e0fee33eaad33cb44376b9e5b480,Alvaro Herrera,['src'],12,0,12,2022
df4a056619a7e9868ec43a15e2088ff8ccf94471,Michael Paquier,['src'],23,7,30,2022
4b4663fb4a704b7a145ed6ec018b1f0c116eeb6b,Alvaro Herrera,['src'],9,8,17,2022
20b6847176976da9cae6103475b967e6c2971898,Tom Lane,['src'],7,13,20,2022
376af686111e57929c626254eb403c0e810d8e22,Amit Kapila,['doc'],9,2,11,2022
c6a43c25a8ba1a825588f7af25a7173f2e66ce8d,John Naylor,['src'],23,1,24,2022
d1ce745db2d7db193c0be461db3cd34edd776dac,Tom Lane,['src'],15,0,15,2022
f959bf9a5b9cecd2f6e6bdd24a34a7b269b00827,David Rowley,['src'],15,12,27,2022
36f729e2bc3539e777cda698dc441b8ccec42142,Peter Eisentraut,['src'],11,2,13,2022
08909e3aee6182a988da5bf5c1b543910ee096c7,Peter Eisentraut,['src'],5,5,10,2022
0d5bd3a6cc3e4cd2fb44e2714e52a684cc7bbc25,Amit Kapila,['src'],11,0,11,2022
3eae0cbf7e70db885c4ec37e0863022d3ad589d4,Thomas Munro,['src'],16,4,20,2022
670475b2fa4bc683edf3d595292ce696496f6b49,Thomas Munro,['src'],4,7,11,2022
5c7121bcf8dbe94344742a5cd0fa0f016b7a76a1,Tom Lane,['src'],18,6,24,2022
692df425b6883dd3edcc15bb984415ef349fafb1,Tom Lane,['src'],3,7,10,2022
90a4b64134ce0cb9a31cdceb49e265e8e2f88b56,Alvaro Herrera,['src'],6,6,12,2022
53823a06be6f40d88d8e3ba45045ecee1a21fc5e,David Rowley,['src'],29,0,29,2022
d59383924c580a77a2346d9b1284c8589b3d43e2,Tom Lane,['src'],18,10,28,2022
245e14e28b298e6ed00ea8d8c607b62387c9da92,Michael Paquier,['src'],14,7,21,2022
1aa8dad41ffad99923a658389ee948e88394491c,Tom Lane,['src'],19,7,26,2022
c67c2e2a29392b85ba7c728d3ceed986808eeec3,Tom Lane,['contrib'],22,4,26,2022
a69959fab2f3633992b5cabec85acecbac6074c8,Michael Paquier,['doc'],7,7,14,2022
4ddfbd2a8ea9b41ced0cad1d984c833085f8ce91,Tom Lane,['src'],9,3,12,2022
d8e34fa7a18fab4aa8eb010edac133d63ecc11c6,Tom Lane,['src'],5,6,11,2022
4fc6b6eefcf98f79211bb790ee890ebcb05c178d,Thomas Munro,['src'],16,0,16,2022
ffd1b6bb6f8a2ffc929699772610c6925364dbb3,Michael Paquier,['src'],20,6,26,2022
7a08f78aea95a7046816fe6a711e83615ccdb737,Heikki Linnakangas,['src'],16,6,22,2022
9d3444dcce4d62716edec9c58c1b40be42185e7b,Thomas Munro,['src'],10,6,16,2022
f49a9fc2bb1228e98cf4fe217e661f3d1dd2ca8c,Tom Lane,['src'],10,0,10,2022
f16180216d0a6dcefd76fef4121227b63df46681,Alvaro Herrera,['src'],21,7,28,2022
503e3833ef240c94e114be8703046d52f24da021,Peter Eisentraut,['src'],0,21,21,2022
7057bf23546868ee5f1d9721e7129fb636aab042,Alvaro Herrera,['src'],24,2,26,2022
920072339f304a7da0b5de966117420c96ad78cb,Tom Lane,['src'],16,11,27,2022
d3117fc1a3e87717a57be0153408e5387e265e1b,John Naylor,['src'],10,8,18,2022
a6434b951558baad8372dc4b83bf87606dac9cda,Michael Paquier,['src'],10,4,14,2022
21267b64771925c154a767b1f261b5501d7bb26f,Thomas Munro,['src'],12,0,12,2022
2d7ead85267cc0a41ea4e94ee0ac144d5214d353,Robert Haas,['contrib'],5,5,10,2022
7b64e4b3fa04769b725306a75bf3dd26e5a854fa,Andres Freund,['src'],2,8,10,2022
7201cd18627afc64850537806da7f22150d1a83b,Thomas Munro,['src'],14,11,25,2022
ac0e2d387a044faed310cbfe2fae78ecb0f6a4b6,Amit Kapila,['src'],15,1,16,2022
e243de03fb4583dd4a9f0afb41493727d7946c02,Robert Haas,['contrib'],1,9,10,2022
75bfe7434d415fcd7e879a187f9e8dfcd3e0b017,Amit Kapila,['src'],12,0,12,2022
2253f5b49748ff7b48ccc67260c84cbca99db688,Peter Eisentraut,['doc'],12,12,24,2022
9cd43f6cbd8b6fbac6837bcdba5e12f0ecbafefb,Tom Lane,['src'],12,7,19,2022
664da2a389e5d1d4ebf0f98c82997739cd496e8e,Michael Paquier,['src'],6,6,12,2022
19408aae7fa2bf28866fb262b27f08405e71152e,Andrew Dunstan,['src'],6,6,12,2022
6d157e7cb8d3f4aa28a9fef95c498ce8ac3c31a9,Tom Lane,['src'],9,10,19,2022
eb39610f82679e015dd990a3fbba1c62e399c32a,Tom Lane,['src'],5,5,10,2022
f5bfba5413f51b4fa0a7b0dc879d39ae6881d8be,Robert Haas,['src'],5,7,12,2022
fc36ac52ebd3b0c879877c424f94318728b25935,Heikki Linnakangas,['src'],7,12,19,2022
f6b6a8fb94f115c5197fbba0c004a262dc710134,Tom Lane,['doc'],1,12,13,2022
ce21a36cf837083cb41521aff035d9c1310f0f66,Robert Haas,['doc'],9,1,10,2022
9520f8d92a8681e441cc863422babd544353dd39,Peter Eisentraut,['src'],22,4,26,2022
7fdbdf204920ac279f280d0a8e96946fdaf41aef,Andres Freund,['src'],7,6,13,2022
eaa5ebe046c4f247d843bdfd36da4c28be9dbfab,Michael Paquier,['src'],11,10,21,2022
25f915b31e41e5c86e1905d199c7d41cc66161ed,Peter Eisentraut,['src'],13,13,26,2022
1e731ed12aac3f2ed99cf13244f5a1571a6eb6e6,David Rowley,['src'],11,17,28,2022
93759c665d482b5bf76ca22c9cac91e713e9386e,Thomas Munro,['src'],8,6,14,2022
45edde037efc6ec76714e0be7309b348fe34351e,Michael Paquier,"['contrib', 'src']",12,12,24,2022
fe20afaee8aac7838ed6e4a76baa83e547629582,Tom Lane,['src'],18,12,30,2022
701d918a426b394620ce4d046533f77262c70829,Robert Haas,['src'],6,9,15,2022
17ec5fa502d299b1919b1afacda839fb7d8206ad,Daniel Gustafsson,['src'],13,0,13,2022
9e6b7b45ca92cccd6b870fa4e0a98059a86ce79d,Andres Freund,['src'],11,0,11,2022
8f1537d10e83ad9c23ed2772cc28f74582b237ea,Andres Freund,['src'],10,10,20,2022
9c3d25e17894f35045a2d57dfb834e25c9dc4c21,Andrew Dunstan,['src'],22,2,24,2022
99c754129d787ea4ce3b34b9f4c5f5e74c45ab6a,David Rowley,['src'],28,1,29,2022
914611ea738a3601717990faff0f5d71a0f14a3d,Tom Lane,['src'],16,7,23,2022
8ab0ebb9a842dc6063d1374a38b47a3b7ee64afe,Peter Geoghegan,['src'],24,4,28,2022
f2a2bf66c87e14f07aefe23cbbe2f2d9edcd9734,Peter Eisentraut,['src'],12,6,18,2022
a62bff74b135b191de0417d1cc8ec52f144c8fe7,Tatsuo Ishii,"['doc', 'src']",3,15,18,2022
587de223f03e6086d511dab16b17406eb21277ce,Tom Lane,['src'],13,0,13,2022
e61efafcb82c605dcc78f668685223e20d2f7ad8,Michael Paquier,['src'],22,5,27,2022
d3609dd2547b3ed807bc3b6dd27a008d65e86668,Peter Geoghegan,['src'],15,9,24,2022
4cd8717af3f0345c758d46fea06fb390b4d593f2,Andrew Dunstan,['src'],10,6,16,2022
fcdb35c32ac70a113c134a66daf9ba28523ff32b,Andrew Dunstan,['src'],8,6,14,2022
ac8be0cb957811d04d7564f4d710ceb3e5f2fb9f,David Rowley,['doc'],7,7,14,2022
b5607b0746f40b3f5b38004c64ccc9697ee1e222,Tom Lane,['src'],8,14,22,2022
aeebb8bf233e7f48a7a6eb6857e7b7c61ef0ef4c,Amit Kapila,['doc'],9,9,18,2022
7597cc3083f8b3607123f71bc6432afc5a655d6e,Michael Paquier,['src'],5,5,10,2022
891624f0ec3b3d353269b0bfc7bc545333d6b4d5,Peter Eisentraut,['src'],5,5,10,2022
dad9ba1c82fd985aa6fb8035ebca1e79c138dde2,Jeff Davis,['contrib'],20,8,28,2022
dafae9707ab7e7079ce1ba22cebda4557d0cbaf3,Thomas Munro,['doc'],7,8,15,2022
01effb130420ba06b3fb441274415bd07c8a87b0,Peter Eisentraut,['src'],5,5,10,2022
afb529e6772b4e2b065644a2204697eeaf6c9a96,Robert Haas,['src'],8,14,22,2022
2beb4acff1e83fef6766a5a7d5bbd952444a0b36,Daniel Gustafsson,['src'],10,2,12,2022
8e053dc6dfbee4ae412e98ad73cfd4662d7453ac,Robert Haas,['src'],10,2,12,2022
f453d684ecf9f6cd872d4bb43fe385c2c56126bd,Peter Eisentraut,['src'],3,7,10,2022
8cd7627c7b19c5a1bb235e7ad91b53856b101e65,Peter Eisentraut,['src'],17,0,17,2022
091a971bb59ca9751f32a4aa5aee969c5a915754,Michael Paquier,['src'],9,7,16,2022
91c0570a791180aa3ff01d70eb16ed6c0d8283a3,Andres Freund,['src'],16,3,19,2022
43a7dc96eb363f87286494223861301361ce766c,Andres Freund,['src'],13,2,15,2022
cc7401d5ca498a84d9b47fd2e01cebd8e830e558,Tom Lane,['src'],13,15,28,2022
591767150f5f91ccc3614e71977c47ce7a68786b,Robert Haas,['src'],9,8,17,2022
f0206d99520ebdb751469ad53ff62bbff817ab3d,Andrew Dunstan,['src'],4,14,18,2022
e186f56f9c6ead4ef65848ae6c499f9949b12625,Noah Misch,['contrib'],13,11,24,2022
7e74aafc4335e743199c6c68ca9dd539053db9e5,Alexander Korotkov,['contrib'],11,9,20,2022
46d9bfb0a68f7b145199711d2fb5d37561c4a130,Thomas Munro,['src'],21,8,29,2022
3390ef1b7be28eac24dd95af23a4a287e6e7b1a4,Thomas Munro,"['doc', 'src']",12,1,13,2022
c6f2f01611d4f2c412e92eb7893f76fa590818e8,Thomas Munro,['src'],14,0,14,2022
1d4be6be65ab18aa3b240d9bc912ebece255c53b,Robert Haas,['src'],5,5,10,2022
9240589798e02705dbe3e86549d064988c0f47d2,Tom Lane,['src'],13,2,15,2022
cd83cb953606b94966981056e79dbb6c48751055,Andres Freund,['src'],5,8,13,2022
6c46e8a5dfc9f49e673d76fc6ae097b81d7740ef,Heikki Linnakangas,['src'],12,0,12,2022
2313a3ee22eb3c63a987b496df64c67443763a5a,Daniel Gustafsson,['src'],5,5,10,2022
07daca53bfcad59618a9c6fad304e380cc9d2bc1,Michael Paquier,['src'],10,5,15,2022
853c6400bf5defda139dc36387ce761398011799,Heikki Linnakangas,"['doc', 'src']",15,15,30,2022
6538be9e1e412224c69f447d2b08342ba47ce9f1,Peter Eisentraut,['doc'],6,11,17,2022
291ec6e45ebe1a87f930a250ad3c6672472b9b19,Tom Lane,['src'],11,1,12,2022
335fa5a26029d8040ebf332fda3f900cc9da23f2,Tom Lane,['src'],8,4,12,2022
5e26aa641e8a4fbd0a56f79119b0d8f62dbd4ddc,Tom Lane,['src'],6,6,12,2022
f862d57057fdc73e663fe09d8948ed06b1b71dd7,Etsuro Fujita,['src'],25,5,30,2022
8e2b6d45a033287da7c8f63062129ea02d86d831,Robert Haas,['src'],15,1,16,2022
c89f409749c35bf18fab8e025a34645dd925390c,Andres Freund,['src'],8,5,13,2022
5ecd0183fb6afa4a07aad71ea0e08c70f64a42a9,Michael Paquier,['src'],6,9,15,2022
1f655fdc39352c813a83a0a0f1e932af9ef2b6de,Tom Lane,['src'],18,4,22,2022
6c07f9ebce1579612c4ed9076159f9e942e50f9d,Etsuro Fujita,['contrib'],9,2,11,2022
0f47e833bf6d96c1a2c5173c8e0f6c6cc30f9592,Robert Haas,['src'],11,7,18,2022
f3f467b8f69b673fb73d15bf5ccd3a2027403d7b,Tom Lane,['src'],19,3,22,2022
6f6943fc94ada145c0af5f62f719abad73825e5b,Tom Lane,['src'],15,4,19,2022
9cb5518b7ff69ab3bbc422313c69d54696fe8472,Tom Lane,['src'],7,4,11,2022
9ef2c655558bb1ec20c4f87850d9322420e35acb,Tom Lane,['doc'],9,11,20,2022
f1e90859cef3f48f45578390acf63c6f7fd61697,Jeff Davis,['src'],9,9,18,2022
fe594abf7c22d721de322c7fd55b5b6a844bcda5,Michael Paquier,['src'],6,6,12,2022
d0d62262d34154965511cfda6b98609d27752d5a,Michael Paquier,['src'],18,5,23,2022
f66885bec0df509ee9b604a83c17dbd7eb9959b1,Alvaro Herrera,['src'],9,1,10,2022
cb44a8345e7c248cf4158f2702fd9c9358399cfb,Tomas Vondra,['src'],12,4,16,2023
9d49837d7144e27ad8ea8918acb28f9872cb1585,Peter Eisentraut,['src'],12,12,24,2023
2c321ceaa904eb2722050abd35bf4eaea434c8b5,Jeff Davis,['src'],14,3,17,2023
541e8f14a185495f814ae0a0876a0d0c4118833a,Peter Eisentraut,['src'],6,6,12,2023
98c6231d198a98b1c5ec9d400cd5593752fa9de9,Tom Lane,['src'],15,15,30,2023
20847013642127e75ee4fe3ddb8228a1fb4b652f,Michael Paquier,['contrib'],14,2,16,2023
a8dd62ef4959141e410278fd68b3d1821e0bbbaa,Michael Paquier,['contrib'],11,7,18,2023
c8bc807cf8bc741c83bc74553326856affee5a4f,Amit Kapila,['src'],10,5,15,2023
8d7d2197f31c1839db4726d1a12cb29016f4fa36,Amit Kapila,['src'],15,5,20,2023
aa210e0c121eb8f58c86d4fcc833a5a6fbb6f5a9,Peter Geoghegan,['src'],8,19,27,2023
d43bd090a8fee81fe88eb1e9e15e30d30ee130ed,Michael Paquier,['src'],10,7,17,2023
0bf62460bb9e86101d24e31e915c2e8922675296,Amit Kapila,['src'],8,9,17,2023
b3efa270b5192f0c72dc26f0ea1bc795ad8516c3,Daniel Gustafsson,['src'],7,7,14,2023
17935e1fdf0aff083347b4b2d6268d945041d188,Daniel Gustafsson,['src'],7,7,14,2023
7e5f5177996150bf3845562d00d41d1e1847d7e3,Peter Eisentraut,"['contrib', 'src']",8,4,12,2023
6631363a5992a81d7bbcecaba68886564ad701ba,Thomas Munro,['src'],9,9,18,2023
a9f19c1349c22819038842a0debba2c86b4832b8,Michael Paquier,['src'],16,12,28,2023
b7f315c9d7d839dda847b10d170ffec7c3f4dbba,Alexander Korotkov,['src'],23,2,25,2023
3850d4dec1d91c4fdce274f42986840444d5593e,Dean Rasheed,['src'],17,12,29,2023
675fed4df5db4e78d40a0ce9cb785cfba9fa480f,Alexander Korotkov,['contrib'],7,7,14,2023
06be01eb266bdb24efd931ad10ee6a1de26271b4,Alexander Korotkov,['src'],3,14,17,2023
849172ff4883d44168f96f39d3fde96d0aa34c99,Dean Rasheed,['contrib'],17,9,26,2023
237f8765dfd9149471d37f3754d15cef888338a8,Tom Lane,['src'],17,9,26,2023
e9d12a5e22e02bace45dc2ba0e0dcca5b5d4fc52,Jeff Davis,['doc'],5,8,13,2023
cccfa08c39e194e7737d444974173e47a87b62c8,Michael Paquier,['doc'],9,9,18,2023
dab889d60bac3fbf691973ca1770f2eb50547999,Thomas Munro,['src'],6,4,10,2023
47ab5d2e2ec762c9a07b4e07f0207b8230a489c1,Alexander Korotkov,['src'],13,13,26,2023
e9718b4bd3e4234ffd5a4907a903367fc483c843,Michael Paquier,['src'],15,14,29,2023
dab5538f0bfc4cca76396f5d510e2df6f5350d4c,David Rowley,['doc'],8,7,15,2023
5d8aa8bcedae7376bd97e79052d606db4e4f8dd4,Tom Lane,['src'],12,13,25,2023
f483b209056b4181eb33b97cd6a30910a73c0f87,Michael Paquier,['src'],13,13,26,2023
0b053e78b5990cd01e7169ee5bd2bb8e4045deea,David Rowley,['src'],22,3,25,2023
e1f95ec8cf6ea75d90905b2c746e2e1e9f3c9fc1,Noah Misch,['src'],7,6,13,2023
c181f2e2bcecc2704c6461a0543894a38d7143df,Heikki Linnakangas,['src'],19,2,21,2023
3ef18a90bdeaeb7895b16431b0bb0023265c1df4,Michael Paquier,['doc'],12,9,21,2023
714780dcddf01865aa4323fedec59ffbefc7e707,Peter Geoghegan,['src'],19,1,20,2023
9f71e10d65fa2db7cde9fe1554f89a9526904eb9,Tom Lane,['src'],16,7,23,2023
e221c0befb1b23130d87c26a1a2479019b9d565d,Michael Paquier,['src'],14,2,16,2023
becfbdd6c1c94fe03391368080029a6dd8523658,Thomas Munro,['src'],24,0,24,2023
5f3aa309a880bb429c6a648d64e20fbd353fee8a,Daniel Gustafsson,['src'],17,8,25,2023
5cfba1ad69c6d43184645419476f6cc62e5dd3c5,David Rowley,['src'],24,1,25,2023
e5975c2daad0327b9faa6b62bcfbf173680d14b9,Michael Paquier,['doc'],8,8,16,2023
cb943054f3f6d67c858dd63192afaa488f8cb51e,Michael Paquier,['src'],15,0,15,2023
f73fa5a470b4cf850ad404b63c3e352d179d40b0,Tom Lane,"['doc', 'src']",17,0,17,2023
0174c2d213f69a4ba87932de706eedf3fbb5979e,Thomas Munro,['src'],7,7,14,2023
b5934bfd6071fed3a38cea0cfaa93afda63d9c0c,Michael Paquier,['src'],9,9,18,2023
05c821294e6c52609a999aefbe6c53f79f39c81e,Etsuro Fujita,['contrib'],5,5,10,2023
d71e6055e45318b5cff2094025d641b954517fa9,Peter Eisentraut,['src'],12,5,17,2023
4f3514f201cf007a3e0c0abbf21b70a711269ab0,Peter Eisentraut,['src'],8,8,16,2023
89be0b89ae60c63856fd26d82a104781540e2312,Etsuro Fujita,['contrib'],7,4,11,2023
5dc456b7dda4f7d0d7735b066607c190c74d174a,Michael Paquier,['src'],15,14,29,2023
a72d613b4c91462d9405c4e1b05c42d33013c333,Michael Paquier,['src'],26,1,27,2023
f05b1fa1ff5b2133d636a427d00fe85eedad49b3,Michael Paquier,['src'],5,5,10,2023
39055cb4ccd5b521ceb802b6a8194de912a422cc,John Naylor,['src'],8,4,12,2023
d38ad8e31dee1a69f4f6d4b6bb4e007e3751a93c,Amit Kapila,['src'],12,5,17,2023
bda97e47afaeaab6236f37993ce45bb369add3e5,Tom Lane,['src'],8,7,15,2023
97ff8dd02ca788020021cdafb85d77d4fd3f3125,Michael Paquier,['src'],14,9,23,2023
4e465aac36ce9a9533c68dbdc83e67579880e628,Michael Paquier,['src'],5,5,10,2023
126552c85c1cfb6ce6445159b8024cfa5631f33e,Thomas Munro,['src'],10,3,13,2023
a4cfeeca5a97f2b5969c31aa69ba775af95ee5a3,Tomas Vondra,['src'],9,9,18,2023
4637a6ac0b40fef701ab850de1be547b927c3013,Thomas Munro,['src'],4,8,12,2023
01d56eecee4cfa0f796c4ee3e2e0ac615b9350bb,Noah Misch,['contrib'],12,3,15,2023
691594acd67e68d903ea1b7575a7a9097772bbcb,Tom Lane,['src'],15,0,15,2023
3ad5f07c0fe9a734fb4e2484c7165f9280dbefa7,Peter Eisentraut,['src'],12,12,24,2023
555b929bbe7bd2f228e804d2c5bf4a246a319358,Tom Lane,['src'],22,1,23,2023
a734caa25f79b7bfa423dd97162e5ecf14d1feb5,Amit Kapila,"['doc', 'src']",7,4,11,2023
d6326ba8fe69ced797412ea9bb97b2f35588f791,Peter Eisentraut,['src'],9,8,17,2023
b5c517379a40fa1af84c0852aa3730a5875a6482,Amit Kapila,['src'],6,4,10,2023
fb5a7d84d23fa2e1f26334453948a01e8e59eee3,Peter Eisentraut,['doc'],6,24,30,2023
b62381d9a23b4b96259cf560e411137656201704,Tom Lane,['doc'],18,5,23,2023
3ec8a3bfb5472ecf93aba416e9f384ea16d340d1,Tomas Vondra,['src'],9,1,10,2023
c39f2f68e95a54e430c6a7b7d1e9f98cedff5aff,Alvaro Herrera,['src'],15,2,17,2023
0890f7d528c45bcfef7d3edd5618e121f0357250,Michael Paquier,['doc'],6,6,12,2023
de63f8dadee4afa152ce177fd3c562d47373a728,Amit Kapila,['src'],17,1,18,2023
df38157d94662a64e2f83aa8a0110fd1ee7c4776,Tom Lane,['contrib'],29,1,30,2023
a9781ae11ba2fdb44a3a72c9a7ebb727140b25c5,Daniel Gustafsson,['src'],5,10,15,2023
50547a3fae0ce62e74c1d2175c7949937f2c69fc,Peter Geoghegan,['src'],8,6,14,2023
0b5d1fb36adda612bd3d5d032463a6eeb0729237,Daniel Gustafsson,['src'],24,4,28,2023
cd7cdc550c2a00027d6ec1810d064ad636250b1f,Peter Geoghegan,['src'],9,5,14,2023
064eb89e83ea0f59426c92906329f1e6c423dfa4,Tom Lane,['src'],21,2,23,2023
c7dc56bd6b36b4d6b3c6cc1bb4735f7777272ca3,Michael Paquier,['doc'],15,13,28,2023
5ec69b71f17c353b27754deb8d94bb1f5cf7a029,Andres Freund,['src'],5,5,10,2023
e944063294fb9e85190f03948f5ce20331231e2f,Peter Geoghegan,['src'],8,8,16,2023
2ed16aacf1af1e1a26bffb121a19d1ad5f5177f0,Andres Freund,['src'],12,6,18,2023
728015a47016dcd734c516e43f326ae491b6a3d2,Andres Freund,['src'],11,11,22,2023
32bc0d022dee250fac9fc787226abed96b8ff894,Alvaro Herrera,['src'],6,6,12,2023
1d477a907e63941b58508136f92ac0b5058b68ab,Michael Paquier,"['contrib', 'src']",14,3,17,2023
4766eef3174b0b1bd8d2428381a7a33813386a6a,Tom Lane,['src'],17,5,22,2023
9c487efe355692a4a219df1a1e5330ac02079bf8,Robert Haas,['doc'],13,13,26,2023
902ecd3bd4e733d273e69fd420df6fab4ffbe79b,David Rowley,['src'],10,9,19,2023
8e5eef50c5b41fd39ad60365c9c1b46782f881ca,Tom Lane,['src'],13,4,17,2023
bade01cb4dd88f63bd9024cfdaec3d5001a805f3,Peter Geoghegan,['contrib'],7,8,15,2023
554841699f0ee5b56ef5eaf35402934f1e025eda,Tom Lane,['src'],11,8,19,2023
7023207cfdb6d5863bdcc9c29bff9918846dddc6,Tom Lane,['doc'],14,9,23,2023
949e2e7c4f680ef86e93500ba4bee563ae4ce78e,Robert Haas,['contrib'],7,3,10,2023
b48af6d174bb39bd688d52795aef2b9c10dd6e8c,Tom Lane,['src'],7,6,13,2023
88199b9d5fda605360ac903dd9d3de0ca36f0b8c,Michael Paquier,['src'],5,5,10,2023
e8e1f96c497bda50ec02ed7360a6ed56c5f70f60,Michael Paquier,['src'],6,5,11,2023
e8583126833a53f4eebe28a8de45d128f01ff664,Tomas Vondra,['src'],15,2,17,2023
720de00af49d3d46cb5c9b4753b52215f5029ac9,Thomas Munro,['src'],13,5,18,2023
b081fe4199b69dc561f7d31c6a82b3ad996f657f,Tom Lane,['src'],16,2,18,2023
727400994d5a27f2859361f82d0ec9ac2b23385c,Andres Freund,['meson.build'],12,6,18,2023
30dbdbe75384bcb034172c781b24bc982434a967,Tom Lane,['src'],10,2,12,2023
e0a09d4e354c9636c2b775c6f02e749236c78acf,Michael Paquier,['src'],14,9,23,2023
b1307b8b60111be8ddd8d6127701883c047bed15,Peter Eisentraut,['src'],5,5,10,2023
7ab1bc2939f32aa995bdb81eaac3bb28f908e980,Daniel Gustafsson,['src'],13,12,25,2023
318b1c0cc1660c51c06a716de5d36367afa2499e,Peter Eisentraut,['src'],7,7,14,2023
7fe1aa991b622feaabfac5ed9c918fe8a1d598c9,Tomas Vondra,['src'],22,2,24,2023
80a48e0f21c51ed65fe647b18019ab6f8eab15cd,Dean Rasheed,['src'],28,1,29,2023
8427ce4c379ee3774b8a9aca13ca7f4bfb76ba85,Michael Paquier,['contrib'],18,4,22,2023
7da51590ed6cd46ff886e8e4d08e8703db9c2b5b,David Rowley,['src'],15,3,18,2023
49c2c5fcb1e1e4311f08687f78dd9121330ae637,Andres Freund,['src'],11,4,15,2023
6c14fb17e4be70e0f3c03d2f9f6c540b6d5bdcbe,Peter Eisentraut,['src'],6,6,12,2023
f5da3d85b95640ac754ee14c47aeb90003e6d7c0,Peter Eisentraut,['src'],7,7,14,2023
fbed4bc59e362e13fb0d0e0b08c995c18c7e4d5a,Andres Freund,['contrib'],25,1,26,2023
c2891175052772b603da6d0ae634e42b63b7f274,Thomas Munro,['src'],13,2,15,2023
eae0e20deffb0a73f7cb0e94746f94a1347e71b1,Tom Lane,['src'],23,1,24,2023
8f6858064b1442f9ad057d289b0e4f018a2ad8aa,Peter Eisentraut,['meson.build'],6,4,10,2023
d7c4830abb1867ca4fb83add2a5fac558f778b6a,Michael Paquier,['doc'],12,12,24,2023
6c6d6ba3ee2c160b53f727cf8e612014b316d6e4,Amit Kapila,['src'],7,10,17,2023
b762fed6481e722a022ac2bea02151e080c31fa6,David Rowley,['src'],9,5,14,2023
8dd43894b1f5c0148dd36308fc607bfcc909e5bd,Peter Eisentraut,['src'],11,9,20,2023
236f1ea84c4ca6a29d790fac4b48eba12a74443c,Heikki Linnakangas,['src'],10,4,14,2023
09d465c397165f99c37e9002a4e7b281111d2580,Tom Lane,['doc'],5,5,10,2023
f026c16a2c5a3ee5d7aa6f85333ec80c905913ba,Dean Rasheed,['src'],5,5,10,2023
f745739697e49a38a31a755d7d36d6c97008dd9f,Amit Kapila,"['doc', 'src']",18,0,18,2023
b82557ecc2ebbf649142740a1c5ce8d19089f620,David Rowley,['src'],7,6,13,2023
e3584258154fac40e16f757fadd3361688a166d2,Michael Paquier,['src'],8,8,16,2024
7f97b4734f937db6f8dab1bbf8bbaab349e6c9b1,Michael Paquier,"['contrib', 'src']",6,6,12,2024
94bb6c4410d81ccc019bb60d8aedb73dbc85df76,Melanie Plageman,['src'],5,11,16,2024
8f4ee962691ed36302be3333c65422ed9e082743,David Rowley,['src'],28,2,30,2024
28328ec87b45725f62bed1104d99c8b3220d1675,Melanie Plageman,['src'],9,3,12,2024
2364f61488ec1b4bc40d3a73dba4385e8ede65a0,Amit Kapila,['doc'],7,3,10,2024
e116b703f0b9b551cb413c8f2cfe231a9ce73f42,Michael Paquier,['src'],11,5,16,2024
398d3e3b5b8f4c81795e07655f28036839cc0550,Masahiko Sawada,['src'],15,3,18,2024
8b9cbf4922756d912309567f83f81e41f1737ac7,Noah Misch,['src'],6,4,10,2024
f0c569d7151532fbc9c016b01af49f04a9fb5278,Michael Paquier,['src'],11,9,20,2024
71cb352904c1833fe067d6f191269710fe2ca06f,Thomas Munro,['src'],9,3,12,2024
ccc8194e4275d0be557a9b94126a12b389520593,John Naylor,['src'],9,15,24,2024
84a67725cd11ffbd5c0e142b067ae90dc3e57270,Peter Eisentraut,['src'],7,3,10,2024
6a5bcf7f7dd1e3c1c669912d82591397dbe24a10,Andres Freund,['src'],9,9,18,2024
631db1d4b251a500e22743fc3eec9fb8724baf67,Fujii Masao,['contrib'],12,0,12,2024
09d09d4297b9acbc2848ec35e8bf030d6c1fae18,Álvaro Herrera,['src'],25,0,25,2024
a62d90f2e5cb55d0c8998b63120d6db3c55df866,Thomas Munro,['src'],10,12,22,2024
d4d11940df94ee13166dda70271ff3b97e43bc9b,Alexander Korotkov,['src'],8,8,16,2024
ee937f0409d5c75855861bf31f88eeb77623b411,Heikki Linnakangas,['src'],11,8,19,2024
ea792bfd93ab8ad4ef4e3d1a741b8595db143677,Michael Paquier,['src'],24,0,24,2024
94131cd53c1552efe85c3e8120356c22cd658163,Tom Lane,['src'],9,3,12,2024
c166454496876818216e222890ab1ae788551c42,Fujii Masao,"['doc', 'src']",19,0,19,2024
e468ec0fddcd93e282da6685b75d5687c2a87f2a,Peter Eisentraut,['src'],11,13,24,2024
db22b900244d3c51918acce44cbe5bb6f6507d32,Alexander Korotkov,"['contrib', 'src']",16,2,18,2024
41b98ddb77bf49433f174f03383533dd09bdefec,Nathan Bossart,"['config', 'meson.build', 'src', 'configure']",5,5,10,2024
87f81a55632107006e5006a2d0bc5272ebaeca64,David Rowley,['src'],14,9,23,2024
846cfe0dcc0281fd9064798ac3539e20379b9b91,Peter Geoghegan,['src'],7,4,11,2024
763d65ae254569e0bdbe2cbb27b184112765f24f,Peter Geoghegan,['src'],21,8,29,2024
49a23441ca7f314c25794a9a547011c0a858cfaa,Michael Paquier,['src'],28,2,30,2024
aa1e898dea666629bb5314fd25445545b9eb7b27,Alexander Korotkov,['src'],10,0,10,2024
67bab53d64428e4d43386be0e077cd662bc9cad3,Noah Misch,['src'],7,11,18,2024
68ad9816c189958a0731d8d5ead7545878fdf15d,Tom Lane,['src'],17,5,22,2024
1a43de5e0a591b66ef3d92f3fac5aefcc2dc02fe,Heikki Linnakangas,['src'],9,4,13,2024
57a36e890d3d60e6408bf6805e91c82f7b370873,Michael Paquier,['src'],5,5,10,2024
4b652692e97923298d0c7b9c1c303fc648984d92,Peter Eisentraut,['src'],7,3,10,2024
24a36f91e32d6cbb8182c4cc6529d6e47587c988,Peter Eisentraut,['src'],8,4,12,2024
eecd9138a0ef565366427a88866d0651530f7da4,Jeff Davis,['src'],13,9,22,2024
1fed234f9faf1071d925434c5e9c14688fb4c77e,Tom Lane,['src'],10,6,16,2024
98c7c7152d2d4670a349c0fe48f05cf95c0b1185,Thomas Munro,['src'],12,5,17,2024
089aac631b5ba53be0ecf8ea2e8d81388d69629c,Michael Paquier,['src'],26,4,30,2024
a7f2f6adc240a2823c2344b89e90bb630dea8803,Jeff Davis,['src'],5,5,10,2024
9f34cae1426fe5ab915c95b7e26b1efffbb2ca0f,Michael Paquier,['src'],16,5,21,2024
a39297ec026c556b1bf2963dde766db31a2c3d2d,Fujii Masao,['src'],6,6,12,2024
a9ed7d944965865e5c6b44e58602f621cd185856,Jeff Davis,['src'],19,9,28,2024
5d6187d2a28326b3414c394ec4c28c51bb513c44,Nathan Bossart,"['contrib', 'src']",10,10,20,2024
4dd308730029f5d90bd188f181c2dd9d7630ea69,Michael Paquier,['src'],0,21,21,2024
babb3993dbe9c805c1d29fa275a5e8f4c2b40922,Amit Langote,['src'],8,2,10,2024
fc1b2ce0ee9c9745c5c562b692e021344a3f719a,Robert Haas,['src'],8,3,11,2024
c1ff2d8bc5be55e302731a16aaff563b7f03ed7c,Noah Misch,['src'],17,8,25,2024
f762d99c8783f5ca99d5a6ab0f8245e164a954ce,Michael Paquier,['src'],7,4,11,2024
dbf3f974ee04d24547690268b1fc2b7eb12b4ebc,Noah Misch,['src'],10,0,10,2024
75240f65e700d7d157be27653c70fe75108f25c1,Tom Lane,['src'],14,5,19,2024
a7e5237f268ea378c514635d65a55aa47621958a,Tomas Vondra,['src'],5,5,10,2024
54562c9cfa2281b6303cdea1aff9596c4a5de4b2,Tom Lane,['src'],11,8,19,2024
3a97460970f344660971ee75d7f5a181bf87f633,Amit Langote,['src'],22,8,30,2024
7829f85a6285b3703a53ba5963a4df2e768014df,Jeff Davis,['src'],17,13,30,2024
4af123ad45bd5e91221983da1152033e6153498c,Peter Eisentraut,['src'],9,9,18,2024
341e9a05e7b4c4fb2a1e539a5073dfd0e5b46735,Michael Paquier,['src'],18,0,18,2024
82b07eba9e8b863cc05adb7e53a86ff02b51d888,Peter Eisentraut,['src'],8,4,12,2024
31a98934d1699007b50aefaedd68ab4d6b42e3b4,Daniel Gustafsson,['src'],6,6,12,2024
dc26ff2f228174efed9bf285ee8f8065ea295799,Peter Eisentraut,['src'],4,7,11,2024
7229ebe011dff3f418251a4836f6d098923aa1e1,Masahiko Sawada,['src'],9,9,18,2024
a8395677840c37f6988d7d6420d551d0b744e6bd,Jeff Davis,['src'],6,12,18,2024
2b03cfeea47834913ff769124f4deba88140f662,Robert Haas,['src'],10,10,20,2024
bd06cc338d82fd0c56de6421fe5ef143ec79cf6e,Michael Paquier,['src'],7,7,14,2024
0f92b230f88b98c34b9804c4b4226e0d1822dc53,Tomas Vondra,['src'],16,1,17,2024
64740853f07fd1a8314ad68c38298d7e5afe1acc,Noah Misch,['src'],5,6,11,2024
e882bcae032d5e89777e2a1f3d78dfb77c17c192,Peter Eisentraut,['src'],7,5,12,2024
93660d1c27b1b85e84621326c0e2c89e00c3fc6f,Peter Eisentraut,['src'],12,12,24,2024
12d6c727ca6988462651c525e197601c4c0f8745,Alvaro Herrera,['src'],5,5,10,2024
c899c6839f5de596a316da7fb94e4f917a242b04,Alvaro Herrera,['src'],22,8,30,2024
b2be5cb2ab671073ec0fc69357c3c11e25bb41cc,Tom Lane,['src'],5,5,10,2024
a79ed10e6c6b43cc43a51a5f5bcc29252b4bb6dc,Heikki Linnakangas,['src'],3,10,13,2024
8d148bb8b8529ed8edeee4332e8eb41bac0fc193,Tom Lane,['src'],16,12,28,2024
028b4b21df26fee67b3ce75c6f14fcfd3c7cf2ee,Michael Paquier,['src'],10,10,20,2024
03b08c8f5f3e30c97e5908f3d3d76872dab8a9dc,Amit Kapila,['src'],22,0,22,2024
b181062aa5727a013c96b64476f884c992b5068d,David Rowley,['src'],18,2,20,2024
1e666fd7c6d3bff658cdbad02b4e7bb77dde391d,Peter Eisentraut,['src'],11,9,20,2024
da4017a694de0610bd5b3a54adda311e46e26300,Tom Lane,['doc'],9,9,18,2024
c9e24573905bef7fc3e4efb02bdb4d0cc8e43c51,Michael Paquier,['src'],14,13,27,2024
ef7fa900fb587cbaac9f3e943f789155b97aa02b,Heikki Linnakangas,['src'],26,0,26,2024
b9e5249c29354186576d8fc00609fe7eaf7c8d25,Heikki Linnakangas,['src'],17,1,18,2024
c95d2159c1dd3f269383a9bd830e1c804dba34c8,Heikki Linnakangas,['src'],17,0,17,2024
c7301c3b6fe2feaf96d52cbf35a85ac6b95374dc,Tom Lane,['doc'],6,6,12,2024
37c6923cf3d8ec1bd44924aab6f58f72754a0e7b,Peter Eisentraut,['src'],9,1,10,2024
991f8cf8abe244547093ddffcc4b9209076f3525,Nathan Bossart,['src'],14,1,15,2024
7e187a7386cc922c8f770c0460bfc43f4806bd15,Richard Guo,['src'],19,9,28,2024
884d791b213d6bc55f7f9b70d951f395e3ee29bb,Amit Langote,['doc'],9,8,17,2024
4e5d6c40914e2b890c4780d33de8ad07b1d79689,Fujii Masao,['src'],18,8,26,2024
9fd8b331dfe151b7c833e2c8fa17ce753830b891,Amit Kapila,['src'],8,4,12,2024
b3bd18294ee471c5a6f1db69be57f08c1e00f1a6,Jeff Davis,['src'],21,7,28,2024
571f7f70865cdaf1a49e7934208ad139575e3f03,Amit Kapila,['src'],9,8,17,2024
768f0c3e21b31f92ebb510a7e4d0c2cd1c1ecb97,Alvaro Herrera,['src'],14,11,25,2024
4331a11c62eca7426ad4472be051fe512a04fc80,David Rowley,['src'],3,8,11,2024
d35cd061998434747c0d1c0f6f2aa1f736f0edb4,Peter Eisentraut,['src'],19,2,21,2024
5d6c64d290978dab76c00460ba809156874be035,Tom Lane,['src'],17,1,18,2024
b1ffe3ff0b7ed87b34ae0fc6eba71bf032e41b59,Heikki Linnakangas,['src'],13,0,13,2024
486c2ea25c5e7e248c31b2dbb5db8ebcd3c7d813,Peter Geoghegan,['src'],10,20,30,2024
58445651dbc6182e1ff4100f6428ba6a261407f9,Peter Eisentraut,['src'],10,4,14,2024
3639d08e2f36f76e9a626c60b534c7fe204f329c,Peter Eisentraut,['src'],6,4,10,2024
a41106dab72cbcaa02fce8bda8965d04e85f2d3a,Peter Eisentraut,"['doc', 'src']",13,1,14,2024
18404ea60141a2e2eaf58a5ebbd2b99f7a0cd442,Masahiko Sawada,['src'],14,0,14,2024
915de706d28c433283e9dc63701e8f978488a2b9,Tom Lane,['src'],27,1,28,2024
3cb19f45a3f58fb482999be5fae6ecad74f7fa27,Richard Guo,['src'],5,5,10,2024
8ba34c698d19450ccae9a5aea59a6d0bc8b75c0e,Jeff Davis,['doc'],8,7,15,2024
7515982636902ad1e945b4606b02ee706dadb83e,Tom Lane,['src'],26,0,26,2024
b631d014987b9411ed0eeb7dcba9e0a8599bc3cf,Tom Lane,['src'],28,2,30,2024
cd2624fd97b0c36b68da278abc5362647f69b07d,Dean Rasheed,['src'],23,3,26,2024
5c5bccef211cfc98e0d6c4bc1af40a33c8ac2488,Dean Rasheed,['src'],5,5,10,2024
8285b484a47d829a29fbe0ebe65cdc9f9dfb179d,Michael Paquier,['src'],7,13,20,2024
945ec4c4bca1e1c4347cd3f93135e96770ac1b4c,Alexander Korotkov,['contrib'],12,10,22,2024
97e5b0026fc276ab1bcde58ae98ae1fcd9c3acc3,Alexander Korotkov,['contrib'],16,6,22,2024
e9b7aee27283e65bd8819cd7a081dbe79eb1c1a3,Peter Eisentraut,['src'],5,5,10,2024
8cb653b2457c75d58c4dba578570ba52301c8b78,David Rowley,['src'],9,9,18,2024
2b065fc549ed60249f211a7f37f383ff621973ea,Bruce Momjian,['doc'],12,12,24,2024
78e4841c1bbc4ed4cbd3ae7eb8aac5672190d985,Bruce Momjian,['doc'],6,6,12,2024
e89f4c66182e409b6643b1e8426371011dc25217,Alvaro Herrera,['src'],7,3,10,2024
d82ab9fc31aa62d94c26d7df98e65c6ceaadb01f,Bruce Momjian,['doc'],5,5,10,2024
21ac38f498b33f0231842238b83847ec63dfe07b,Alvaro Herrera,['src'],6,7,13,2024
855517307db8efd397d49163d65a4fd3bdcc41bc,Michael Paquier,['src'],10,2,12,2024
4a044b9497093f349605fb9912446c5f1bcf228c,Peter Eisentraut,['src'],7,3,10,2024
91e7115b177b0523f9757574b8a329ebe10c0af7,Tom Lane,['src'],16,0,16,2024
2ea4b29277222efe59dc25ed8385c8bcb1a3ed0f,David Rowley,['src'],6,4,10,2024
5cd72cc0c5017a9d4de8b5d465a75946da5abd1d,Masahiko Sawada,['src'],11,13,24,2024
d12b4ba1bd3eedd862064cf1dad5ff107c5cba90,Tom Lane,['src'],8,8,16,2024
f6ab942f5de003f37b88580154ebb614655d7e11,Michael Paquier,['doc'],1,10,11,2024
5bcbe9813bf91bcf14ef3a580162f1600dd3d1d4,Heikki Linnakangas,['src'],9,5,14,2024
9d9ece4c16dbbaf3b9d60c2fe201b8e99a407be3,Tom Lane,['src'],8,8,16,2024
5c9f35fc48ea99e59300a267e090e3eafd1b3b0e,Heikki Linnakangas,"['doc', 'src']",15,15,30,2024
4019285c064028fbf613f0e43766416a63b826db,Tom Lane,['src'],22,4,26,2024
310cd8ab386ca44213b62b1c36162110d46bfc7a,David Rowley,['src'],5,5,10,2024
ed52df3b19ee77cca7cb5f202950704f6b12feb9,John Naylor,['src'],10,13,23,2024
aa79bde725650b4cfdce05bcc119008709590af6,Amit Kapila,['src'],22,4,26,2024
480bc6e3ed3a5719cdec076d4943b119890e8171,Peter Geoghegan,['src'],6,9,15,2024
95d14b7ae26db5ed85d9945e29121bb0e9b59863,Tomas Vondra,"['doc', 'src']",6,6,12,2024
ef744ebb7340d42361ebd88d068b27b17e69de18,Amit Langote,"['doc', 'src']",9,10,19,2024
91fe092a966e6c08c0ead80388f474ac989dc9a3,Michael Paquier,['src'],5,5,10,2024
d8f5acbdb9b22106db583e3cbb177d34e6b18eeb,Thomas Munro,['src'],17,9,26,2024
f56a9def71bb1d2ccf4fa01a4d1e082c1063d921,Michael Paquier,['src'],19,2,21,2024
7e85d1c75f299b0772fbeb145706e019629530bd,Amit Kapila,['src'],8,2,10,2024
1b00fe30a67774e55c5fc776096a3c96f1a147d2,Andrew Dunstan,['src'],11,6,17,2024
be2f0731006300876b008fd78a265471984cbcd9,Alvaro Herrera,['src'],12,7,19,2024
5eac8cef24543767015a9b248af08bbfa10b1b70,Tom Lane,['src'],8,4,12,2024
91cbb4b492cbea889e8392a85e246c1778ca2a45,Tom Lane,['src'],13,4,17,2024
b2d6b4c728a282f9bbe9ff4fac02a872bef074dd,Daniel Gustafsson,['src'],14,8,22,2024
cc0e7ebd304a24815c0531000a4c3693878cd96c,Alexander Korotkov,['src'],14,6,20,2024
7e65ad197f9dff7466cea7986450f9573adb4448,Daniel Gustafsson,['src'],10,7,17,2024
995e0fbc1c57c9b705c57de456d25c6e448bc5dd,Tom Lane,['src'],7,21,28,2024
2b520860c08ac946ec5e570065ede1c467e45618,Nathan Bossart,['src'],0,21,21,2024
bb5604ba9e53e3a0fb9967f960e36cff4d36b0ab,Jeff Davis,['doc'],12,1,13,2024
61f352ece9e7eb89c7154da178d0c3bc69fc72c9,Jeff Davis,['src'],9,14,23,2024
0960ae1967d0569be4d118c20e51a2ed98d76f65,Heikki Linnakangas,['src'],8,6,14,2024
7eb9a8201890f3b208fd4c109a5b08bf139b692a,Dean Rasheed,['doc'],11,10,21,2024
927332b95e778c0d15a9fbf96e3efeab0d3d937c,Alexander Korotkov,['src'],11,1,12,2024
d802ff06d0216d59aab3ddba6cb158d1f4b014db,Heikki Linnakangas,['src'],6,4,10,2024
7a65cc079e717c5d87f1920929affe7138c31eee,Alexander Korotkov,['src'],6,6,12,2024
4c2eda67f55a8a263820d12aaeaa7e1dfe7406ee,Alexander Korotkov,['src'],5,7,12,2024
9c40db3b02a41e978ebeb2c61930498a36812bbf,Amit Kapila,['src'],8,8,16,2024
0b84f5c419a300dc1b1a70cf63b9907208e52643,Amit Kapila,['src'],10,0,10,2024
33ee2550d30bebb938238846369b2aae10e7f00f,Jeff Davis,['src'],7,7,14,2024
6f38c43eb135f5d6b873924180562d8334d6e31d,Alexander Korotkov,['src'],15,6,21,2024
fce2ce797c412df8b794b8a92c5a586db5e1bedc,Tom Lane,['src'],21,2,23,2024
6fd144e3a9664ea545d10008c48dceb6c4e9d38a,Daniel Gustafsson,['src'],7,3,10,2024
6a6b7f5de3ff0dad46aab9e8e17a3747370199a3,Daniel Gustafsson,['src'],11,7,18,2024
e1724af42c7b0bddad2785f8f7a15c4c123862b2,Nathan Bossart,['src'],7,9,16,2024
f5a465f1a07474f380b54073a518602b342a188b,Tom Lane,['src'],15,8,23,2024
9ecbf54075a91ed155cc779fcc1870de0fff5fef,Jeff Davis,['src'],6,18,24,2024
d9e225f275b7d27e6d2b196f5c528f9ad8a39abf,Amit Kapila,['src'],13,0,13,2024
7a424ece4828fa107f36e1c77985eabdbe69e50b,Amit Kapila,['src'],14,0,14,2024
9bc1eee988c31e66a27e007d41020664df490214,Amit Kapila,['src'],7,10,17,2024
bd8fc1677b88ed80e4e00e0e46401ec537952482,Amit Kapila,['src'],9,2,11,2024
5fce30e77fe133e1404167c13caaf7e0d1369295,Alexander Korotkov,['doc'],6,4,10,2024
165d921c9a883814a35e8161fc692793e9c945a4,Alexander Korotkov,['src'],19,11,30,2024
5869aef9a15d5dc0b4de3d63d1ae360a6f34afb4,Peter Eisentraut,['doc'],15,0,15,2024
25799850867292efecf34da73db4ea1ad1aad573,John Naylor,['src'],10,10,20,2024
d212957254de85aad934e2601e5a07661db268fb,Heikki Linnakangas,['src'],11,1,12,2024
6ee26c6a4bafabbd22a85f575d2446fd5ec6ad0d,Andrew Dunstan,['src'],13,0,13,2024
4c48c0fe561c2b07831c2a296da637401cb953c6,Peter Eisentraut,['src'],5,5,10,2024
400928b83bd254d20f0790d467f221bb52707e6e,Tom Lane,"['contrib', 'src']",12,4,16,2024
50b797dc99ec3bf97ea5d0955a3b42d356c1522d,Michael Paquier,['src'],9,13,22,2024
a3a836fb5e51183eae624d43225279306c2285b8,David Rowley,['src'],8,8,16,2024
5ddf9973477729cf161b4ad0a1efd52f4fea9c88,Robert Haas,['src'],21,0,21,2024
46778187f5373f6072b58d5e4c298b775333a37c,Alvaro Herrera,['src'],9,1,10,2024
bb812ab0917e153f11bf449d7cb996815c07e387,Michael Paquier,['src'],30,0,30,2024
bcd5b4bcbefc8b99be3678cf9c6c990a0c28f68e,Nathan Bossart,['contrib'],14,2,16,2024
4372adfa24f2f5ddc587317d634b5389bd764106,Nathan Bossart,['src'],12,9,21,2024
b199eb89c67d737ced55721590f7fc8ff585e837,Michael Paquier,['src'],6,6,12,2024
c03d91d9be378975bcdbfa3e5d40e17288e6f13f,Alexander Korotkov,['src'],12,12,24,2024
ed1e0a65127a61f7c9497aac6016324f250bc0e9,Peter Eisentraut,"['contrib', 'src']",10,10,20,2024
686db12de3a01222de6bce56f40f4fb9259f7b37,Peter Eisentraut,['src'],9,6,15,2024
d22d98c341713a260c1d821a62e83c19e27defa0,Peter Eisentraut,['src'],8,5,13,2024
fe093994db4dc5dcc239f8839b094c0b75de00cf,Alexander Korotkov,['src'],29,1,30,2024
6f97ef05d62a9c4ed5c53e98ac8a44cf3e0a2780,Amit Kapila,['src'],13,0,13,2024
2a67b5a60ee68892bb028587ddc6de7650822480,Alexander Korotkov,['src'],10,2,12,2024
5bc7b33b4e16d02fc21b493649939e438b071850,Robert Haas,['src'],5,5,10,2024
591cf626e71b460c53bef23347b93a0cfbd91f0f,Robert Haas,['src'],13,13,26,2024
141752bbb0308a40bdbef3ab0a2ba31162813412,Peter Eisentraut,['src'],5,6,11,2024
0de5f0d869d1e06f172f10adf441e504174cf2fe,Masahiko Sawada,['src'],5,9,14,2025
167cb26718e3eae4fef470900b4cd1d434f15649,Michael Paquier,['src'],6,5,11,2025
0839fbe400d7807196d1442f4c781f9234ac2a4c,Noah Misch,['src'],12,8,20,2025
c5ae07a90a0f3594e5053a26f3c99b041df427d3,Alexander Korotkov,['src'],7,11,18,2025
81f72115cf189b0a428d3efca2e4beb02b825111,Álvaro Herrera,['src'],24,0,24,2025
fa44b8b7fbb7eb0f13546aa13976f9919a4ca201,Heikki Linnakangas,['src'],8,8,16,2025
1d7b00dc14b8efd22f6e971756c2d9c052863234,Michael Paquier,['src'],16,0,16,2025
f275afc997d77ada991307d22703b08f1dedef13,David Rowley,['src'],3,13,16,2025
b237f5422bc0667754f986f9d5bfc34a13401bc1,Nathan Bossart,['doc'],5,5,10,2025
04396eacd3faeaa4fa3d084a6749e4e384bdf0db,Amit Kapila,['src'],10,5,15,2025
52382feb782b76c42552e96f0bc382a87fd7c1e4,David Rowley,"['doc', 'src']",8,10,18,2025
47da198934e9a764ad3c60c5e573ab13b4e2d591,Michael Paquier,['src'],16,6,22,2025
7c2061bdfba7c738dac1e2c14db51faeef3f34b1,Heikki Linnakangas,['src'],17,5,22,2025
7bc88c3d6f3af3af5330c0e209c8a3c411267d00,Michael Paquier,['src'],5,5,10,2025
9790affcce032710c907aced834e968f2fc41bce,Peter Eisentraut,"['contrib', 'src']",11,10,21,2025
cbe04e5d729f292bcf9b06f5d774884b4511b18a,Heikki Linnakangas,"['contrib', 'src']",20,1,21,2025
6c05ef5729c04d47400660cd994305bc44a3c757,Heikki Linnakangas,"['contrib', 'src']",16,2,18,2025
2fcc5a715130fbe9fb6eadf338e3bfe560eb0cb5,Peter Eisentraut,['src'],7,8,15,2025
8b3e2c622a85208b94808c54d9b40b10b030d304,Peter Eisentraut,['src'],16,11,27,2025
246ec4a51c16f27133a293f63aa8bc86ca4fe630,Fujii Masao,['doc'],13,5,18,2025
e2ceff13d83a85c634dc358b8291c7ae301e95e1,Jacob Champion,['src'],3,8,11,2025
99780da7209605bf9f226eac3eac30ab2bc9427c,Fujii Masao,['src'],17,2,19,2025
86b276a4a9b4b2c63ef00765f0e2867e1bcac4ca,Peter Eisentraut,['src'],10,2,12,2025
0fc33b00536cf395b44260b6fc76b6b1d6fc0bcb,Peter Eisentraut,['src'],7,3,10,2025
c5c74282f2ea222beb7e07fc91b7afd7a06020c2,Nathan Bossart,['src'],19,8,27,2025
df53fa1c1ebf9bb3e8c17217f7cc1435107067fb,Fujii Masao,['doc'],7,3,10,2025
6e1535308c843dc7413a02c83a41f70449c58fb3,Michael Paquier,['src'],8,8,16,2025
c5d34f4a550f26583a0b92e294eff7d001e318d3,Thomas Munro,['src'],10,2,12,2025
c32e32f763b4c70cb0a85af9f12ee6badd9c860b,Fujii Masao,['doc'],12,9,21,2025
5a4eba558aa76c36ecf2aab7587b233c0e2003e2,Amit Kapila,['src'],21,4,25,2025
d4baa327a1c9c6a6e0b8f8d0ea410d19bf5dde33,Tom Lane,['src'],13,4,17,2025
a4fd971c6f534aff96a1b3aab61d8a498b6b4ac5,Michael Paquier,['src'],19,0,19,2025
fdda78e361f136ec2b8de579b366c1e66bba1199,David Rowley,['src'],9,5,14,2025
c09a06918dff9a1651ed12a24eb03712331b234b,Peter Eisentraut,['src'],5,5,10,2025
8b18ed6dfbb8b3e4483801b513fea6b429140569,Noah Misch,"['doc', 'src']",14,0,14,2025
ff8aba65d463b144db7c081181b5ccf6eaaf1af4,Tom Lane,['contrib'],6,11,17,2025
d3111cb753e81a64c1a4417ed6de98a90a04432a,Michael Paquier,['src'],11,5,16,2025
d5845aa8adb25fda30cb2ad44aa2c5b0a59baa27,Álvaro Herrera,['src'],6,4,10,2025
e557c82759a3362d8fb618c798ca99ee90be96c5,Tom Lane,['src'],13,2,15,2025
798b19d27b28e6dec3ae5134d396882d3197dfe8,Tom Lane,['src'],21,8,29,2025
abc2b71383b4c49c2fbda74c281d50f3936551b8,Fujii Masao,['src'],13,0,13,2025
9fd29d7ff476f3f1c1a22d6d6f730e813eddd960,David Rowley,['src'],5,5,10,2025
e4e496e88c9a0940abe1ade44337577b26f032a0,Michael Paquier,['src'],6,9,15,2025
92cf557ffae436235cfa3bbba1265b5807a68ef2,Tom Lane,['src'],10,0,10,2025
dd766a441d69d16d1c8ab0d3a41a10649702d202,Tatsuo Ishii,['src'],13,6,19,2025
615ff828e1cb8eaa2a987d4390c5c9970fc1a3e6,Álvaro Herrera,['src'],14,3,17,2025
905e932f0922a837bb3e4e482089c7c2e98bea67,Amit Langote,['src'],19,0,19,2025
03bf7a12c5a44ced377352c8f9bf6e9f4b863885,Tom Lane,['src'],16,5,21,2025
89d57c1fb35522590ec1f70b123c853cf5a9acb2,Tom Lane,['src'],18,9,27,2025
b46efe90482bc1105a17955fce02cb3708230f0e,Masahiko Sawada,['src'],24,5,29,2025
3a661580685964dd2ca192306a202934f268fc5c,David Rowley,['src'],3,7,10,2025
a95393ecdb23563bd47eeb2c943640c88592d82b,Noah Misch,['src'],25,0,25,2025
02c4bc88302a750a2aed20e6f17885bda872d228,Tom Lane,['src'],20,9,29,2025
7fcb32ad023a434e07b7214c1c762ecd410b6969,Fujii Masao,['src'],9,8,17,2025
e41d954da6aa04f0a4453e566d3bcc064512d457,Amit Kapila,['src'],16,10,26,2025
9fc7f6ab7226d7c9dbe4ff333130c82f92749f69,David Rowley,"['contrib', 'src']",8,8,16,2025
18cdf5932a279a2c035d44460e1e0cbb659471f2,Nathan Bossart,['src'],5,5,10,2025
8741e48e5ddaab1148419ad8a4cd00098de57efc,Amit Langote,['src'],26,0,26,2025
c3cc2ab87d72a1ce17a7f574756158479ef32f20,Nathan Bossart,['src'],19,1,20,2025
45f50c995fb658bee11bf26b8c6f4983eaa223c0,Fujii Masao,['src'],15,0,15,2025
39f67d9b554fcd6dfb6c4f02a4af757eecd1fecf,Michael Paquier,['src'],4,6,10,2025
8e5b92928d2847f556f9fd75edf619935dc87010,Fujii Masao,['src'],13,6,19,2025
9ec0b29976b6d73cc08880842caa0db286e46bd4,Peter Eisentraut,['src'],8,16,24,2025
2d756ebbe857e3d395d18350bf232300ebd23981,Richard Guo,['src'],5,5,10,2025
26eadf4d2b14a8a8d110b214dbb7ef952fbf8e93,Michael Paquier,['src'],9,8,17,2025
33eec809402bfbf3eb0d01ad5b023d3d05fcb3bc,Peter Eisentraut,['src'],10,2,12,2025
8c8f7b199d9095dbc2e101a4614043b5ae13bde3,Michael Paquier,['src'],16,0,16,2025
d96c854dfc634212193007ca58f8978bc272d457,Nathan Bossart,['doc'],7,4,11,2025
530cfa8eb50ca5a2151dfc50a6a5999ec8aff148,Nathan Bossart,['src'],14,6,20,2025
8ec97e78a7713a1ebf4976b55c19f6c9bc2716d9,Melanie Plageman,['src'],10,4,14,2025
990c8db1827c0c96fb20cb4fbfcc9690e9b45e15,Peter Eisentraut,['src'],11,4,15,2025
b63952a7811319a6525a9ea23afa294a900fa895,Nathan Bossart,['src'],9,3,12,2025
a98ccf727ebbb6d620b1a7995012f1751f261075,David Rowley,['src'],2,14,16,2025
ed0736172170bdae800b28e3555241b82854f09f,Tom Lane,['src'],11,7,18,2025
783cbb6d5e8bdf87d321286f210983c177ead967,Michael Paquier,['contrib'],12,12,24,2025
9e63f83a7e7f8211581bfe9e9d05b72695261f4f,Etsuro Fujita,['src'],20,0,20,2025
85ccd7e30a6dd378e025a918916f7b1d72004001,Fujii Masao,['src'],18,9,27,2025
2ad6e80de9a6300daffcc0987667e45012fbecde,Peter Eisentraut,"['contrib', 'src']",9,9,18,2025
1469e312977c8a5baeb1f9cb4222d171faf285b3,Peter Eisentraut,"['contrib', 'src']",9,9,18,2025
b102c8c4733cf76ff0635dc440ee8dd11487ed95,Tom Lane,['src'],18,3,21,2025
2c7b4ad24dda86a73d80df063e9a56c3ecb1e4bb,Tom Lane,['src'],21,0,21,2025
12efa48978c6dba5eca1b95758127181783fb217,Fujii Masao,['src'],15,2,17,2025
ca09ef3a6aa69a1250bc83e6d9517f28a2ff181c,Tomas Vondra,['src'],10,4,14,2025
d5b9b2d40262f57f58322ad49f8928fd4a492adb,Robert Haas,['src'],4,7,11,2025
dcc9820a3526eb8d89c5da75dad32b8ef4bf8545,Robert Haas,['src'],5,6,11,2025
6f22a82a401d267e4bf1fcbcff8d6adb24e14d58,Michael Paquier,['src'],13,0,13,2025
5457ea46d181f8b8dbe1ae482720b23bff4029de,Tom Lane,['src'],7,3,10,2025
e1c3654839e464957675344a1e949489d98b103b,Amit Kapila,['src'],10,1,11,2025
df335618ed87eecdef44a95e453e345a55a14ad8,Amit Kapila,['src'],10,0,10,2025
086b9a33aafeeeaa0af0c806410ea6228f2f63f4,Fujii Masao,['doc'],10,2,12,2025
e6dfd068ed453b8690551dac700d57fbf32ba187,Tom Lane,['src'],19,2,21,2025
d3917d8f13e725a3ae3be8a1c051e677ac6e3334,Alexander Korotkov,['src'],15,5,20,2025
b8926a5b4bb82e3c56855185da4106d24d26154c,Álvaro Herrera,['src'],8,17,25,2025
1dbe6f76677c26096518998fdc72dab771a98913,Michael Paquier,['src'],7,7,14,2025
09fcc652fefdb58e9cb729e8a604607d8805140c,Fujii Masao,['doc'],7,5,12,2025
ff0bcb248e6ef337902cb26266606c1ab4ea4048,Fujii Masao,['src'],8,4,12,2025
a6c0bf93031dac8701b8d6c1093230dc5caf190d,Daniel Gustafsson,['src'],19,8,27,2025
f5a987c0e5f6bbf0cc0420228dc57e7aae4d7e8f,Masahiko Sawada,['src'],22,8,30,2025
e03c95287764158941d317972a332565729b6af2,Tom Lane,['src'],13,8,21,2025
aa39b4e35ac65d4c1672ba2a29707008a754ddf5,Álvaro Herrera,['doc'],5,5,10,2025
0c2b7174c362d3092eb7eabf0117a8d47c64ce0e,Nathan Bossart,['src'],15,15,30,2025
c989affb527d330898e92e6223e2218e702176ed,Álvaro Herrera,['src'],15,1,16,2025
3811ca3600a31f999e4709de4a9c64c789992e14,Masahiko Sawada,['src'],12,7,19,2025
9e345415bcd3c4358350b89edfd710469b8bfaf9,Tomas Vondra,['src'],6,5,11,2025
7195c804bd12f47a9f1b2df9c2e1794bb04c5987,Alexander Korotkov,['src'],12,3,15,2025
49fe1c83ecf3474776ea9d0db47ae5644d29b67b,Peter Eisentraut,['src'],13,2,15,2025
33b06a20016d8dd8dbdc1f6d6a9d79477c1104c5,David Rowley,['src'],11,4,15,2025
84914e964b447a63c5208ca2ec11ec3abfda0879,Fujii Masao,"['doc', 'src']",9,6,15,2025
166b4f4560d68e2bcf0f82eb898ac5ee15147b82,Tom Lane,['src'],8,3,11,2025
fc32be3c941f9d98dd9f549153a5fcea6c3e9b8b,Peter Eisentraut,['src'],5,5,10,2025
4c08ecd1618e3c5da664ba24a4aa7052772c4616,Masahiko Sawada,['src'],17,12,29,2025
6aa33afe6da1ce5e6a9c68900727db4621f899cd,Tom Lane,['src'],22,7,29,2025
f24605e2dc1687917766f43775f0dcde2cf678a0,Tom Lane,['src'],17,4,21,2025
a6060f1cbec39575634043baeeaeb11e86042fa6,Nathan Bossart,['src'],16,11,27,2025
fe29b2a1dab2b3d81e6c350679b7d9b0e1c8c850,Richard Guo,['src'],25,4,29,2025
8ede692de512750ecb6930213e6d78ed90ef06d0,Amit Kapila,['src'],11,0,11,2025
dc9a2d54fd2571c21c074103cc8ddd93e840b985,Álvaro Herrera,['src'],7,4,11,2025
6e91b9c16ff53fadf75a545aabe5907f1c046d2f,Etsuro Fujita,['src'],8,8,16,2025
1681a70df3d68b6f9dc82645f97f8d4668edc42f,Tomas Vondra,['src'],12,0,12,2025
f8c115a6cb6531ca86e7b0febd02698135827337,Daniel Gustafsson,"['doc', 'src']",10,9,19,2025
039bfc457e436dc5c6b1d6ef996048ae19ff480d,Andres Freund,['src'],25,4,29,2025
500b61769fa27e9f00a03c3f544f70da3bf3d679,Andres Freund,['src'],5,5,10,2025
90260e2ec6bbfc3dfa9d9501ab75c535de52f677,Jeff Davis,['src'],23,4,27,2025
706cbed351037fb5e886815506515d1281e62d40,Fujii Masao,['doc'],9,9,18,2025
84fd3bc141039b32f25c3c9f6157163a56ab5f66,David Rowley,"['contrib', 'src']",14,14,28,2025
3fae25cbb35aa885c411fb51f55a64bb80dc5844,David Rowley,['src'],11,14,25,2025
1fc3403626d4aa99a81996435549e47c56c16897,Tom Lane,['src'],20,6,26,2025
3b35f9a4c5e0ed85c367b1397dac02fe7bd5b8a8,Richard Guo,['src'],15,9,24,2025
847bbb21f8c4eb0e2b47417684ad2ba9255c9e80,Daniel Gustafsson,"['doc', 'src']",6,6,12,2025
d438515c29c3cc539c79292c040335804183ca3e,Amit Kapila,"['doc', 'src']",7,4,11,2025
837cc73af29cd9c63515a6f2a36f54dd703a3a3f,Tom Lane,['src'],15,4,19,2025
46b4ba533cee9f64a60714d91607e74362abf67f,Bruce Momjian,"['doc', 'src']",16,1,17,2025
969ab9d4f5d141ac25db092a0e5cd004d3d60a60,Tom Lane,['contrib'],7,5,12,2025
b52a4a5f285df49399fe6deefa1bf63dc88cd3d1,Andrew Dunstan,['src'],10,8,18,2025
3191a593d6dea56def460d06adc779f2aca44976,Michael Paquier,['src'],12,4,16,2025
8ab6ef2bb8d9a00d205742932eb0b6daf62b34e0,Tom Lane,"['contrib', 'src']",9,8,17,2025
2ef57908067ab29c22ae13f7775fe2afc330e8f6,Andrew Dunstan,['src'],7,7,14,2025
64e7fa43a948a82f97e305f020f924c02671a434,Melanie Plageman,['contrib'],12,4,16,2025
7afca7edef751b8d7c0f5b6402ffcefc11c67fdd,Heikki Linnakangas,['src'],12,5,17,2025
898c131b58a0b62833e10f3556f993d0d385f941,Amit Kapila,['src'],9,21,30,2025
c754bdd8a2e5ae388d48dc2a219f9f6b65e3ca3a,Fujii Masao,['src'],6,6,12,2025
8ae0a37932d81082ec7e4b10eb304a83c561408e,Daniel Gustafsson,['src'],6,4,10,2025
945126234bbc03a5a8f40e46383f550c08fce08e,Jeff Davis,['src'],9,6,15,2025
a6285b150ad308fbba3ca832fccd199ba38fac60,Andres Freund,['src'],10,4,14,2025
00066aa1733d84109f7569a7202c3915d8289d3a,Andres Freund,['src'],28,0,28,2025
ec4327d106be745534592e8aff14effb716f4dc9,Tomas Vondra,['contrib'],6,5,11,2025
51a0382e8d8793b5cc89b69285e5ecdffe03c2bf,Heikki Linnakangas,['src'],12,0,12,2025
2817525f0d56075e1f3a14c0dc6a180b337d8aed,Heikki Linnakangas,['src'],24,0,24,2025
ca3067cc573d7c1ed617cfb959ae8507be17f1aa,Andres Freund,['src'],14,14,28,2025
3943f5cff6a66639d295a6f1922e54b79d2ab16f,Michael Paquier,"['contrib', 'src']",13,14,27,2025
d4f79865d4207bd93fa00f521638c289f036e276,Amit Langote,['src'],24,1,25,2025
0f21db36d663fcf0789290902c84cc460ef0df8b,Tom Lane,['src'],12,5,17,2025
f52345995d3691de7b0a888903b6cfed1497c672,Masahiko Sawada,['src'],14,3,17,2025
7bbc46213de9301795da90923a015070239c1fcc,Álvaro Herrera,['src'],17,9,26,2025
d2e7068392b22218b83b7e275b77968027ac3d29,Heikki Linnakangas,['src'],8,6,14,2025
f011acdd61fc296ec8822ca4edc18e32b6bd2b56,Peter Eisentraut,['src'],15,1,16,2025
00d61a08c5fadca869c66a988b722e543d8e7100,Tom Lane,['src'],7,3,10,2025
2a083ab807db6d9e2e0e3aa82ee8f6ff9fc44c8d,Michael Paquier,['src'],5,6,11,2025
62ec3e1f6786181431210643a2d427b9a98b8af8,Michael Paquier,['src'],9,7,16,2025
5b8f2ccc0a93375acb64a457817e61f400404a1f,Amit Kapila,"['doc', 'src']",16,7,23,2025
03366b61dfe596796a19368f851859a4764229b9,Daniel Gustafsson,"['doc', 'src']",10,10,20,2025
5ee75e32fa734e8ae85ff096f1523be8e16e1b8d,Andres Freund,['src'],11,0,11,2025
e596e077bbb3b512bbc80610d64dc007a5761ce6,Tom Lane,['src'],11,4,15,2025
5b94e2753439b699b78aacbb53e89bf0e814becc,Michael Paquier,['src'],13,12,25,2025
fb056564ec5bc1c18dd670c963c893cdb6de927e,Tom Lane,['src'],20,10,30,2025
ff1975ddd0270703306dee56601b17742d0934b6,Alexander Korotkov,['src'],18,7,25,2025
d2ca16bb509c453eac181c1ef805ff55289df779,Jeff Davis,['doc'],4,8,12,2025
f0b7ab7251390544c5e79d1d9c96da254181fc4f,Andres Freund,['src'],8,14,22,2025
c44c2d2759876463dcbab2eb608e33ed2e772d12,Álvaro Herrera,['src'],18,12,30,2025
117f9f328e0f146a4b6de517501f4d5d994040a9,Amit Kapila,['doc'],11,11,22,2025
4f15759bdcddd23e874526a6b2c0ff86e0beb042,Tom Lane,['src'],7,4,11,2025
eef4a33f62f7300765b5ffa8c966fa2fba50d176,Michael Paquier,['src'],13,4,17,2025
991974bb48886201948cd8d3f4ea7bce2c6bda4b,Amit Kapila,['src'],11,0,11,2025
db19a5061ce954320f47a65c169081cbb2d920f8,Álvaro Herrera,['src'],15,15,30,2025
43830ecb8a9b6a1bc322298a77a5e0d87c2e83d4,Dean Rasheed,['src'],23,1,24,2025
ff030ebe25022bdb90cecb7bfe45c6f863e3be30,Peter Eisentraut,['contrib'],11,6,17,2025
b6463ea6ef3e46b32be96a23f3a9f47357847ce4,Peter Eisentraut,['src'],20,8,28,2025
de9037d0d085f25d3c220a45bfbb7abc5794a0c8,Peter Eisentraut,['src'],9,6,15,2025
4cb560b53f8f9e9a94d593f9416c107ed8202110,Dean Rasheed,"['doc', 'src']",8,8,16,2025
a93e2a1e25a6d5410abb1446637c4d9a4f24e35d,Dean Rasheed,['src'],22,5,27,2025
23100645104f63bf7c35304f36f8a7d91f5ddd73,David Rowley,['src'],22,2,24,2025
39e3bcae44868734504c3decbb6708c36a5a84b2,Nathan Bossart,['src'],12,2,14,2025
69ab44651422c49a6256d1b6cca6c20b5060ad92,Álvaro Herrera,['src'],6,9,15,2025
0e5b14410e2bb54d191bbb7bb21a674ccabe768e,Álvaro Herrera,['src'],7,6,13,2025
